Year,Variables,Jan,Feb,Mar,Apr,May,Jun,Jul,Aug,Sep,Oct,Nov,Dec
2023,Average Time Deposits Rate: 3-Month ( %),14,14,12.5,11.5,0,0,0,0,0,0,0,0
2023,Average Commercial Banks Lending Rate (%),35.85,36.64,35.87,31.66,0,0,0,0,0,0,0,0
2023,Average Savings Deposits Rate (%),7.63,7.63,6.25,6.25,0,0,0,0,0,0,0,0
2023,Ghana Reference Rate (%),32.72,33.25,32.91,25.76,0,0,0,0,0,0,0,0
2023,Inter-Bank Weighted Average (%),25.24,25.73,25.87,25.89,0,0,0,0,0,0,0,0
2023,Monthly Average 364-Day Treasury Bill  Interest rate Equivalent (%),35.76,34.92,26.67,27.04,0,0,0,0,0,0,0,0
2023,Monthly Average 182-Day Treasury Bill  Interest rate Equivalent (%),35.84,35.73,23.01,22.29,0,0,0,0,0,0,0,0
2023,Monthly Average 364-Day Treasury Bill  Discount Rate (%),26.34,25.88,21.06,21.28,0,0,0,0,0,0,0,0
2023,Monthly Average 91-Day Treasury Bill  Interest rate Equivalent (%),35.62,35.67,20.38,19.67,0,0,0,0,0,0,0,0
2023,Monthly Average 182-Day Treasury Bill Discount Rate (%),30.39,30.32,20.63,20.05,0,0,0,0,0,0,0,0
2023,Monthly Average 91-Day Treasury Bill  Discount Rate (%),32.71,32.75,19.39,18.75,0,0,0,0,0,0,0,0
2023,Monetary Policy Rate (%),28,28,29.5,29.5,0,0,0,0,0,0,0,0
2022,Average Time Deposits Rate: 3-Month ( %),11.5,11.5,11.5,11.5,11.5,11.5,11.5,11.5,11.5,13.13,14,14
2022,Average Commercial Banks Lending Rate (%),20.16,20.52,20.57,21.61,22.53,24.27,26.46,27.96,29.81,31.4,33.87,35.58
2022,Average Savings Deposits Rate (%),7.63,7.63,7.63,7.63,7.63,7.63,7.63,7.63,7.63,7.63,7.63,7.63
2022,Ghana Reference Rate (%),13.9,14.01,14.18,14.5,18.04,20.8,23.66,24.23,26.5,27.44,30.56,32.83
2022,Inter-Bank Weighted Average (%),12.81,12.96,13.32,16.46,18.43,19.92,21.25,21.93,22.05,23.98,25.8,25.51
2022,Monthly Average 364-Day Treasury Bill  Interest rate Equivalent (%),16.7,16.97,17.01,18.93,22.2,27.14,27.67,28.92,30.24,32.32,35.26,36.06
2022,Monthly Average 182-Day Treasury Bill  Interest rate Equivalent (%),13.21,13.27,13.76,16.72,20.43,25.55,27.38,29.12,30.94,32.61,35.68,36.23
2022,Monthly Average 364-Day Treasury Bill  Discount Rate (%),14.31,14.51,14.53,15.92,18.17,21.35,21.67,22.43,23.22,24.43,26.07,26.5
2022,Monthly Average 91-Day Treasury Bill  Interest rate Equivalent (%),12.55,12.82,13.49,16.22,19.05,24.15,26.16,27.68,29.65,31.53,34.62,35.48
2022,Monthly Average 182-Day Treasury Bill Discount Rate (%),12.39,12.45,12.87,15.43,18.54,22.65,24.08,25.42,26.8,28.04,30.28,30.68
2022,Monthly Average 91-Day Treasury Bill  Discount Rate (%),12.17,12.42,13.05,15.59,18.19,22.77,24.55,25.89,27.61,29.23,31.86,32.59
2022,Monetary Policy Rate (%),14.5,14.5,17,17,19,19,19,22,22,24.5,27,27
2021,Average Time Deposits Rate: 3-Month ( %),11.5,11.5,11.5,11.5,11.5,11.5,11.5,11.5,11.5,11.5,11.5,11.5
2021,Average Commercial Banks Lending Rate (%),20.97,21.02,20.96,20.93,20.85,20.61,20.67,20.51,20.23,20.34,20.17,20.04
2021,Average Savings Deposits Rate (%),7.63,7.63,7.63,7.63,7.63,7.63,7.63,7.63,7.63,7.63,7.63,7.63
2021,Ghana Reference Rate (%),14.77,14.77,14.34,14.24,14.19,13.8,13.55,13.51,13.46,13.47,13.47,13.89
2021,Inter-Bank Weighted Average (%),13.56,13.56,13.58,13.57,13.57,12.88,12.65,12.61,12.61,12.66,12.64,12.68
2021,Monthly Average 364-Day Treasury Bill  Interest rate Equivalent (%),16.96,16.91,16.7,16.49,16.45,16.34,16.36,16.2,16.12,16.24,16.28,16.46
2021,Monthly Average 182-Day Treasury Bill  Interest rate Equivalent (%),14.14,14,13.78,13.58,13.54,13.4,13.37,13.27,13.2,13.16,13.17,13.19
2021,Monthly Average 364-Day Treasury Bill  Discount Rate (%),14.5,14.46,14.31,14.15,14.13,14.04,14.06,13.94,13.88,13.97,14,14.14
2021,Monthly Average 91-Day Treasury Bill  Interest rate Equivalent (%),14.09,13.55,13.02,12.81,12.78,12.65,12.56,12.49,12.47,12.46,12.48,12.49
2021,Monthly Average 182-Day Treasury Bill Discount Rate (%),13.21,13.09,12.89,12.72,12.68,12.56,12.53,12.45,12.38,12.35,12.36,12.37
2021,Monthly Average 91-Day Treasury Bill  Discount Rate (%),13.61,13.11,12.61,12.41,12.38,12.26,12.18,12.11,12.09,12.09,12.1,12.11
2021,Monetary Policy Rate (%),14.5,14.5,14.5,14.5,13.5,13.5,13.5,13.5,13.5,13.5,14.5,14.5
2020,Average Time Deposits Rate: 3-Month ( %),11.5,11.5,11.5,11.5,11.5,11.5,11.5,11.5,11.5,11.5,11.5,11.5
2020,Average Commercial Banks Lending Rate (%),23.06,23.37,23.4,22.38,22.11,21.95,21.29,21.37,21.3,21.26,20.95,21.1
2020,Average Savings Deposits Rate (%),7.55,7.55,7.55,7.55,7.55,7.55,7.63,7.63,7.63,7.63,7.63,7.63
2020,Ghana Reference Rate (%),16.13,16.18,16.32,15.12,14.77,14.8,14.75,14.74,14.77,14.75,14.76,14.77
2020,Inter-Bank Weighted Average (%),15.44,15.86,15.71,13.98,13.9,13.82,13.69,13.63,13.58,13.55,13.55,13.56
2020,Monthly Average 364-Day Treasury Bill  Interest rate Equivalent (%),17.86,17.81,17.74,16.76,16.73,16.87,16.87,16.89,16.95,16.99,16.97,16.98
2020,Monthly Average 182-Day Treasury Bill  Interest rate Equivalent (%),15.17,15.17,15.17,14.27,14.02,14.05,14.05,14.09,14.12,14.11,14.12,14.13
2020,Monthly Average 364-Day Treasury Bill  Discount Rate (%),15.15,15.12,15.06,14.36,14.33,14.44,14.43,14.45,14.49,14.52,14.51,14.52
2020,Monthly Average 91-Day Treasury Bill  Interest rate Equivalent (%),14.69,14.71,14.73,14.05,13.95,13.97,13.95,14.02,14.02,14.05,14.05,14.08
2020,Monthly Average 182-Day Treasury Bill Discount Rate (%),14.1,14.1,14.1,13.32,13.1,13.13,13.13,13.16,13.19,13.18,13.19,13.2
2020,Monthly Average 91-Day Treasury Bill  Discount Rate (%),14.17,14.19,14.2,13.57,13.48,13.5,13.48,13.54,13.55,13.57,13.58,13.61
2020,Monetary Policy Rate (%),16,16,14.5,14.5,14.5,14.5,14.5,14.5,14.5,14.5,14.5,14.5
2019,Average Time Deposits Rate: 3-Month ( %),11.5,11.5,11.5,11.5,11.5,11.5,11.5,11.5,11.5,11.5,11.5,11.5
2019,Average Commercial Banks Lending Rate (%),23.73,23.5,23.26,23.09,23.08,23.11,24.1,23.96,23.68,23.65,23.53,23.59
2019,Average Savings Deposits Rate (%),7.55,7.55,7.55,7.55,7.55,7.55,7.55,7.55,7.55,7.55,7.55,7.55
2019,Ghana Reference Rate (%),16.66,16.27,16.13,16.14,16.11,16.18,16.14,16.13,16.11,16.12,16.12,16.11
2019,Inter-Bank Weighted Average (%),16.12,15.63,15.22,15.21,15.2,15.2,15.2,15.2,15.2,15.2,15.19,15.2
2019,Monthly Average 364-Day Treasury Bill  Interest rate Equivalent (%),17.39,18.22,18.11,18.05,18.01,17.96,17.9,17.91,17.91,17.91,17.91,17.88
2019,Monthly Average 182-Day Treasury Bill  Interest rate Equivalent (%),15,15.14,15.15,15.1,15.38,15.52,15.18,15.16,14.94,15.14,15.13,15.15
2019,Monthly Average 364-Day Treasury Bill  Discount Rate (%),14.81,15.41,15.33,15.29,15.27,15.23,15.18,15.19,15.19,15.19,15.19,15.16
2019,Monthly Average 91-Day Treasury Bill  Interest rate Equivalent (%),14.65,14.71,14.71,14.7,14.85,14.78,14.73,14.72,14.69,14.69,14.69,14.69
2019,Monthly Average 182-Day Treasury Bill Discount Rate (%),14.07,14.07,14.08,14.04,14.28,14.18,14.11,14.09,14.07,14.07,14.07,14.08
2019,Monthly Average 91-Day Treasury Bill  Discount Rate (%),14.14,14.18,14.19,14.17,14.32,14.25,14.21,14.2,14.17,14.17,14.17,14.17
2019,Monetary Policy Rate (%),16,16,16,16,16,16,16,16,16,16,16,16
